"customer_code","customer_name","customer_telno","customer_postalcode","customer_address","discount_rate","delete_flag"
"10001",和歌山不動産,"090-0000-0000","640-0000",和歌山県和歌山市,20,0
"10003",紀の川不動産,"090-0000-0964","649-6400",和歌山県紀の川市,10,0
"10004",岩出不動産,"090-0000-0962","649-6200",和歌山県岩出市,10,0
"10005",有田のふどうさん,"080-0000-0000","649-0300",和歌山県有田市,10,0
"10002",海南不動産,"090-0000-0002","642-0000",和歌山県海南市,15,0
